Index,Developer,Video_Game_Name
0,Ensemble Studios,Age of Empires II: The Age of Kings
1,Microsoft,Age of Empires II: The Age of Kings
2,Konami,Age of Empires II: The Age of Kings
3,Capcom Production Studio 1,Devil May Cry 4
4,Capcom,Devil May Cry 4
5,THQ,MotoGP
6,Climax Racing,MotoGP
7,Take-Two Interactive,Scaler
8,Global Star Software,Scaler
9,A2M,Scaler
10,Bungie,Halo 2
11,Microsoft Game Studios,Halo 2
12,Pi Studios,Halo 2
13,2K Games,X-COM: UFO Defense
14,Mythos Games,X-COM: UFO Defense
15,"MicroProse Software, Inc.",X-COM: UFO Defense
16,Mediaquest,X-COM: UFO Defense
17,Treasure,Gradius V
18,Konami,Gradius V
19,G.rev,Gradius V
20,Vicious Cycle Software,Adventure Time: Finn & Jake Investigations
21,Little Orbit,Adventure Time: Finn & Jake Investigations
22,EA Los Angeles,Medal of Honor: Vanguard
23,Budcat Creations,Medal of Honor: Vanguard
24,Electronic Arts,Medal of Honor: Vanguard
25,"Sega Enterprises, Ltd.",World Cup '98 France: Road to Win
26,Konami,Pro Evolution Soccer 2013
27,Vivendi Universal Games,Barbie and the Magic of Pegasus
28,WayForward Technologies,Barbie and the Magic of Pegasus
29,Rockstar Games,Beaterator
30,Rockstar Leeds,Beaterator
31,Bandai,SD Gundam G Generation DS
32,DreamCatcher Interactive,Arcania: Gothic 4
33,CyberFront,Arcania: Gothic 4
34,JoWooD Entertainment AG,Arcania: Gothic 4
35,Spellbound Entertainment,Arcania: Gothic 4
36,Trinigy,Arcania: Gothic 4
37,Eighting,Bleach: Heat the Soul
38,Sony Computer Entertainment,Bleach: Heat the Soul
39,Compile Heart,MegaTagmension Blanc + Neptune VS Zombies
40,Tamsoft,MegaTagmension Blanc + Neptune VS Zombies
41,Idea Factory,MegaTagmension Blanc + Neptune VS Zombies
42,SCE London Studio,SingStar Guitar
43,SCE Worldwide Studios Europe,SingStar Guitar
44,THQ,Psychonauts
45,Double Fine Productions,Psychonauts
46,Budcat Creations,Psychonauts
47,Majesco Entertainment,Psychonauts
48,Xbox Game Studios,Psychonauts
49,The Game Factory,Code Lyoko: Quest for Infinity
50,Neko Entertainment,Code Lyoko: Quest for Infinity
51,Taffy Entertainment,Code Lyoko: Quest for Infinity
52,Namco,World Stadium 5
53,Ubisoft San Francisco,The Smurfs 2
54,Rovio Entertainment,Angry Birds: Rio
55,HB Studios Multimedia Ltd.,Backyard Sports: Sandlot Sluggers
56,"Atari, Inc.",Backyard Sports: Sandlot Sluggers
57,Nippon Ichi Software,Uta no Prince-Sama: Debut
58,Broccoli,Uta no Prince-Sama: Debut
59,EA Sports BIG,Freekstyle
60,Hypnos Entertainment,Freekstyle
61,Destination Software,Freekstyle
62,Zoo Digital,Freekstyle
63,Page 44 Studios,Freekstyle
64,Full Fat,Freekstyle
65,Electronic Arts,Freekstyle
66,Inti Creates,PAC-MAN and the Ghostly Adventures
67,Monkey Bar Games,PAC-MAN and the Ghostly Adventures
68,Namco Bandai Games,PAC-MAN and the Ghostly Adventures
69,Bandai,Digimon Rumble Arena 2
70,2K Play,Dora the Explorer: Dora Saves the Crystal Kingdom
71,High Voltage Software,Dora the Explorer: Dora Saves the Crystal Kingdom
72,Electronic Arts,Shockwave Assault
73,Electronic Arts Victor,Shockwave Assault
74,PlatinumGames,Teenage Mutant Ninja Turtles: Mutants in Manhattan
75,Activision,Teenage Mutant Ninja Turtles: Mutants in Manhattan
76,Bandai,Ribbit King
77,Jamsworks,Ribbit King
78,Infinity,Ribbit King
79,Mojang Studios,Minecraft: Story Mode
80,Telltale Games,Minecraft: Story Mode
81,O3 Entertainment,Alien Hominid
82,Zoo Digital,Alien Hominid
83,The Behemoth,Alien Hominid
84,Tecmo,Rygar: The Battle of Argus
85,Sega,Pro Yakyuu Greatest Nine 98
86,Destination Software,Snood 2: On Vacation
87,DSI Games,Snood 2: On Vacation
88,DreamCatcher Interactive,Learn Chess
89,Team NINJA,Ninja Gaiden Black
90,Tecmo,Ninja Gaiden Black
91,THQ,Scooby-Doo! Who's Watching Who?
92,Humansoft,Scooby-Doo! Who's Watching Who?
93,Savage Entertainment,Scooby-Doo! Who's Watching Who?
94,Atlus,Touch Detective
95,BeeWorks,Touch Detective
96,Success Corporation,Touch Detective
97,Otomate,Hakuouki: Zuisouroku Portable
98,Design Factory,Hakuouki: Zuisouroku Portable
99,Idea Factory,Hakuouki: Zuisouroku Portable
100,Magic Pockets,Imagine: Reporter
101,Namco Bandai Games,Dragon Ball Kai: Ultimate Butouden
102,Atlus,Shin Megami Tensei
103,Artech Studios,Trivial Pursuit unhinged
104,"Atari, Inc.",Trivial Pursuit unhinged
105,EA Sports,NCAA March Madness 08
106,EA Canada,NCAA March Madness 08
107,Namco Bandai Games,InuYasha: Secret of the Divine Jewel
108,2K Sports,Major League Baseball 2K12
109,Visual Concepts,Major League Baseball 2K12
110,Take-Two Interactive,Major League Baseball 2K12
111,3d6 Games,The Revenge of Shinobi
112,THQ,The Revenge of Shinobi
113,Sega,The Revenge of Shinobi
114,Konami,Bloody Roar 4
115,Hudson Soft,Bloody Roar 4
116,Eighting,Bloody Roar 4
117,Coresoft,Let's Ride! Silver Buckle Stables
118,THQ,Let's Ride! Silver Buckle Stables
119,Namco,I-Ninja
120,Zoo Digital,I-Ninja
121,Argonaut Games,I-Ninja
122,Sony Computer Entertainment,I-Ninja
123,Konami,World Soccer Winning Eleven 2010: Aoki Samurai no Chousen
124,Zed Two,Dragon Tales: Dragon Seek
125,NewKidCo,Dragon Tales: Dragon Seek
126,Respondesign,Yourself Fitness
127,WayForward Technologies,Tak: The Great Juju Challenge
128,Avalanche Software,Tak: The Great Juju Challenge
129,Altron,Tak: The Great Juju Challenge
130,THQ,Tak: The Great Juju Challenge
131,PQube,Steins;Gate 0
132,5pb.,Steins;Gate 0
133,MAGES.,Steins;Gate 0
134,Digital Touch,Steins;Gate 0
135,Spike Chunsoft,Steins;Gate 0
136,Longtail Studios,Dance on Broadway
137,AiLive,Dance on Broadway
138,Capcom,Resident Evil Chronicles HD
139,Sports Interactive,Football Manager 2017
140,Sega Games,Football Manager 2017
141,Prolific Publishing,Return Fire
142,Time Warner Interactive,Return Fire
143,Silent Software,Return Fire
144,Media.Vision,Wild ARMs: Alter Code F
145,Agetec,Wild ARMs: Alter Code F
146,Sony Computer Entertainment,Wild ARMs: Alter Code F
147,Entersphere,Army Corps of Hell
148,Square Enix,Army Corps of Hell
149,Hudson Soft,Bomberman Max 2: Blue Advance
150,Sierra Entertainment,Bomberman Max 2: Blue Advance
151,Majesco Entertainment,Bomberman Max 2: Blue Advance
152,Activision,Shrek SuperSlam
153,Shaba Games,Shrek SuperSlam
154,LTI Gray Matter,Shrek SuperSlam
155,Other Ocean Interactive,Ultimate Mortal Kombat
156,Compile Heart,Hyperdimension Idol Neptunia PP
157,Idea Factory,Hyperdimension Idol Neptunia PP
158,NIS America,Hyperdimension Idol Neptunia PP
159,Media.Vision,Rapid Reload
160,Sony Computer Entertainment,Rapid Reload
161,THQ,New Legends
162,Infinite Machine,New Legends
163,Silicon Dreams Studios,Island Xtreme Stunts
164,Lego Software,Island Xtreme Stunts
165,DreamCatcher Interactive,Agassi Tennis Generation
166,Aqua Pacific,Agassi Tennis Generation
167,Destineer,I Love Puppies
168,SNK Playmore,Metal Slug X
169,DotEmu,Metal Slug X
170,SNK,Metal Slug X
171,Koei,Romance of the Three Kingdoms X
172,Hearty Robin,Brigandine: The Legend of Forsena
173,Atlus,Brigandine: The Legend of Forsena
174,Nippon Ichi Software,Prinny: Can I Really Be the Hero?
175,Engine Software,Prinny: Can I Really Be the Hero?
176,NIS America,Prinny: Can I Really Be the Hero?
177,Double Helix Games,Green Lantern: Rise of the Manhunters
178,Warner Bros. Interactive Entertainment,Green Lantern: Rise of the Manhunters
179,TDK Mediactive,Disney's The Haunted Mansion
180,High Voltage Software,Disney's The Haunted Mansion
181,Chunsoft,Sound Novel Machi
182,Sidhe Interactive,GripShift
183,Sony Online Entertainment,GripShift
184,Red Mile Entertainment,GripShift
185,Platform Publishing,GripShift
186,Atomic Planet Entertainment,Jenga World Tour
187,"Atari, Inc.",Jenga World Tour
188,Aspyr Media,Fighting Fantasy: The Warlock of Firetop Mountain
189,Big Blue Bubble,Fighting Fantasy: The Warlock of Firetop Mountain
190,Electronic Arts,FIFA 2001: Major League Soccer
191,EA Sports,FIFA 2001: Major League Soccer
192,Majesco Entertainment,Alvin and the Chipmunks: Chipwrecked
193,505 Games,Alvin and the Chipmunks: Chipwrecked
194,Behaviour Interactive,Alvin and the Chipmunks: Chipwrecked
195,2K Sports,NHL 2K8
196,Kush Games,NHL 2K8
197,Visual Concepts,NHL 2K8
198,Virtuos,Beowulf: The Game
199,Overworks,Skies of Arcadia
200,Sega,Skies of Arcadia
201,Infogrames,NASCAR: Dirt to Daytona
202,Monster Games,NASCAR: Dirt to Daytona
203,Genki,Demon Chaos
204,NOW Production,Demon Chaos
205,Konami,Demon Chaos
206,E-Game,Road Trip
207,Takara,Road Trip
208,Conspiracy Entertainment,Road Trip
209,Play It,Road Trip
210,System 3 Software,Road Trip
211,Sonokong,Road Trip
212,Electronic Arts,Monopoly Collection
213,Square Enix,Blood of Bahamut
214,Think & Feel,Blood of Bahamut
215,Autumn Games,Jimmie Johnson's Anything With an Engine
216,Isopod Labs,Jimmie Johnson's Anything With an Engine
217,Gust,Lilie no Atelier: Salburg no Renkinjutsushi 3
218,Activision,Animal Planet: Vet Life
219,Big Blue Bubble,Animal Planet: Vet Life
220,Fluid Studios,Top Gun: Firestorm Advance
221,Titus Interactive,Top Gun: Firestorm Advance
222,SCE London Studio,Singstar: Ultimate Party
223,Sony Computer Entertainment,Singstar: Ultimate Party
224,Sony Computer Entertainment,echochrome
225,Will,echochrome
226,SCE Japan Studio,echochrome
227,Core Design,Project Eden
228,Eidos Interactive,Project Eden
229,Square Enix,Project Eden
230,Atlus,Riviera: The Promised Land
231,505 Games,Riviera: The Promised Land
232,Sting,Riviera: The Promised Land
233,Prope,Digimon All-Star Rumble
234,Bandai Namco Games,Digimon All-Star Rumble
235,Sega of America,Sonic Boom: Fire & Ice
236,Sega Europe,Sonic Boom: Fire & Ice
237,Sanzaru Games,Sonic Boom: Fire & Ice
238,Sega Games,Sonic Boom: Fire & Ice
239,SNK Playmore,Samurai Shodown Anthology
240,Bold Games,Kawasaki Quad Bikes
241,Data Design Interactive,Kawasaki Quad Bikes
242,Popcorn Arcade,Kawasaki Quad Bikes
243,Team NINJA,Dead or Alive 5
244,Koei Tecmo Games,Dead or Alive 5
245,Red Wagon Games,May's Mystery: Forbidden Memories
246,Team NINJA,Yaiba: Ninja Gaiden Z
247,Spark Unlimited,Yaiba: Ninja Gaiden Z
248,Comcept,Yaiba: Ninja Gaiden Z
249,Koei Tecmo Games,Yaiba: Ninja Gaiden Z
250,Konami,Castlevania: Lords of Shadow 2
251,MercurySteam,Castlevania: Lords of Shadow 2
252,SCE Cambridge Studio,Ghosthunter
253,Sony Computer Entertainment Europe,Ghosthunter
254,Runecraft,Shadow of Destiny
255,Konami Computer Entertainment Tokyo,Shadow of Destiny
256,Konami,Pro Evolution Soccer 2012
257,Kogado Studio,Mimana Iyar Chronicle
258,Premium Agency,Mimana Iyar Chronicle
259,GungHo Works,Mimana Iyar Chronicle
260,Aksys Games,Mimana Iyar Chronicle
261,Namco Limited,Seven: Molmorth no Kiheitai
262,Ubisoft Shanghai,Tom Clancy's EndWar
263,2K Sports,Major League Baseball 2K11
264,Visual Concepts,Major League Baseball 2K11
265,Take-Two Interactive,Major League Baseball 2K11
266,Culture Publishers,Hello Kitty's Cube Frenzy
267,NewKidCo,Hello Kitty's Cube Frenzy
268,Maximum Family Games,JASF: Jane's Advanced Strike Fighters
269,Trickstar Games,JASF: Jane's Advanced Strike Fighters
270,Ubisoft San Francisco,The Smurfs 2
271,Sega,Astro Boy: Omega Factor
272,Sony Pictures Television,Astro Boy: Omega Factor
273,Sony Pictures Consumer Products,Astro Boy: Omega Factor
274,Tezuka Productions,Astro Boy: Omega Factor
275,Treasure,Astro Boy: Omega Factor
276,Hitmaker,Astro Boy: Omega Factor
277,Nippon Ichi Software,Disgaea Infinite
278,Nippon Ichi Software,Phantom Brave: The Hermuda Triangle
279,NIS America,Phantom Brave: The Hermuda Triangle
280,Tecmo Koei Games,Phantom Brave: The Hermuda Triangle
281,Bandai,Fullmetal Alchemist: Dual Sympathy
282,Destineer,Fullmetal Alchemist: Dual Sympathy
283,"Natsume Co., Ltd.",Fullmetal Alchemist: Dual Sympathy
284,Empire Interactive,Fullmetal Alchemist: Dual Sympathy
285,FuRyu,Cardfight!! Vanguard: Ride to Victory
286,505 Games,Chameleon
287,UFO Interactive Games,Chameleon
288,Telltale Games,The Wolf Among Us
289,5th Cell,Lock's Quest
290,THQ,Lock's Quest
291,EA Sports,Rugby 2005
292,EA Canada,Rugby 2005
293,MTO,Ochaken no Heya DS 2
294,Insomniac Games,Ratchet & Clank Future: Quest for Booty
295,Sony Computer Entertainment,Ratchet & Clank Future: Quest for Booty
296,Electronic Arts,Golden Nugget 64
297,Westwood Studios,Golden Nugget 64
298,Player 1,Robotron 64
299,Crave Entertainment,Robotron 64
300,GT Interactive Software,Robotron 64
301,Deep Silver,The X-Factor
302,Hydravision Entertainment,The X-Factor
303,Seaven Studio,The X-Factor
304,Kemco,Batman Beyond: Return of the Joker
305,St. GIGA,Castlevania Dracula X
306,Konami,Castlevania Dracula X
307,Playtronic,Castlevania Dracula X
308,Infogrames Multimedia,V-Rally Edition 99
309,Eden Studios,V-Rally Edition 99
310,SETA,Saikyou Habu Shogi
311,HB Studios,Rugby 15
312,Maximum Family Games,Rugby 15
313,Bigben Interactive,Rugby 15
314,Acclaim Entertainment,Tunnel B1
315,NEON Software,Tunnel B1
316,Ocean Software,Tunnel B1
317,GAGA Communications,Tunnel B1
318,Piko Interactive,Tunnel B1
319,Nippon Ichi Software,Last Rebellion
320,NIS America,Last Rebellion
321,Koei Tecmo Games,Last Rebellion
322,Hit Maker,Last Rebellion
323,Sony Computer Entertainment Europe,Porsche Challenge
324,Sony Computer Entertainment America,Porsche Challenge
325,Team Soho,Porsche Challenge
326,Tose,Dragon Ball Z: Shin Butouden
327,Bandai Namco Entertainment,Dragon Ball Z: Shin Butouden
328,Monkey Bar Games,Ben 10 Galactic Racing
329,D3 Publisher,Ben 10 Galactic Racing
330,Banpresto,Super Robot Taisen MX Portable
331,Tose,Champion Jockey: G1 Jockey & Gallop Racer
332,Tecmo Koei Games,Champion Jockey: G1 Jockey & Gallop Racer
333,Konami,Detana TwinBee Yahho! Deluxe Pack
334,Big Ant Studios,Truth or Lies
335,THQ,Truth or Lies
336,Team Tachyon,Quantum Theory
337,Tecmo,Quantum Theory
338,Broccoli,Uta no Prince-Sama: Music 2
339,Toys for Bob,Skylanders Imaginators
340,Activision,Skylanders Imaginators
341,Petroglyph Games,Star Wars: Empire at War - Gold Pack
342,Activision,SpongeBob: HeroPants
343,Behaviour Interactive,SpongeBob: HeroPants
344,Konami,Tornado Outbreak
345,Loose Cannon Studios,Tornado Outbreak
346,Eighting,Bleach: Heat the Soul 6
347,Sony Computer Entertainment,Bleach: Heat the Soul 6
348,Electronic Arts,Scrabble
349,Stainless Games,Scrabble
350,Redtribe,Space Chimps
351,Wicked Witch Software,Space Chimps
352,Brash Entertainment,Space Chimps
353,WB Games,Justice League Heroes
354,Sensory Sweep Studios,Justice League Heroes
355,Telltale Games,Back to the Future: The Game
356,Square Enix,Space Invaders Extreme
357,Guilti,Space Invaders Extreme
358,Backbone Entertainment,Space Invaders Extreme
359,Degica Games,Space Invaders Extreme
360,Taito,Space Invaders Extreme
361,Konami,Fishing Master World Tour
362,Koei,Mystic Heroes
363,7 Studios,Defender
364,Inevitable Entertainment,Defender
365,Midway,Defender
366,Digital Eclipse,Defender
367,Lionhead Studios,Black & White 2
368,Robosoft Technologies,Black & White 2
369,Feral Interactive,Black & White 2
370,Electronic Arts,Black & White 2
371,Konami,Captain Tsubasa: Aratanaru Densetsu Joshou
372,Omega Force,Arslan: The Warriors of Legend
373,Koei Tecmo Games,Arslan: The Warriors of Legend
374,Sony Computer Entertainment,Blood: The Last Vampire (Joukan)
375,Production I.G,Blood: The Last Vampire (Joukan)
376,"Sega Enterprises, Ltd.",Clockwork Knight
377,Sega of America,Clockwork Knight
378,Konami,Karaoke Revolution Presents American Idol Encore 2
379,Blitz Games,Karaoke Revolution Presents American Idol Encore 2
380,Metro3D,Dark Angel: Vampire Apocalypse
381,Codemasters,Damnation
382,Blue Omega Entertainment,Damnation
383,Activision,Monster Jam: Path of Destruction
384,Virtuos,Monster Jam: Path of Destruction
385,Gust,Atelier Totori: The Adventurer of Arland
386,Koei Tecmo Games,Atelier Totori: The Adventurer of Arland
387,AQ Interactive,No More Heroes: Red Zone
388,Marvelous Entertainment,No More Heroes: Red Zone
389,Crave Entertainment,Deadliest Catch: Sea of Chaos
390,Capcom,Super Puzzle Fighter II
391,Atomic Planet Entertainment,Super Puzzle Fighter II
392,Marvelous,Fate/Extella: The Umbral Star
393,XSEED Games,Fate/Extella: The Umbral Star
394,Namco Bandai Games,Battle Stadium D.O.N
395,Eighting,Battle Stadium D.O.N
396,Empire Interactive,Pipe Mania
397,Nintendo,Kurikin: Nano Island Story
398,Kouyousha,Kurikin: Nano Island Story
399,Gas Powered Games,Supreme Commander
400,Hellbent Games,Supreme Commander
401,THQ,Supreme Commander
402,Limbic Entertainment,Might & Magic Heroes VII
403,Housemarque,Transworld Snowboarding
404,Infogrames,Transworld Snowboarding
405,Midway Games,NFL Blitz 20-02
406,Konami,World Soccer Winning Eleven 8 International
407,Konami Computer Entertainment Tokyo,World Soccer Winning Eleven 8 International
408,MC2 France,Sniper Elite
409,Rebellion Developments,Sniper Elite
410,Namco Hometek,Sniper Elite
411,Reef Entertainment,Sniper Elite
412,MC2-Microïds,Sniper Elite
413,SUNSOFT,Mahjong Cub3D
414,Atlus,Mahjong Cub3D
415,Monster Games,Test Drive: Eve of Destruction
416,"Atari, Inc.",Test Drive: Eve of Destruction
417,Arc System Works,Blazblue: Continuum Shift Extend
418,Aksys Games,Blazblue: Continuum Shift Extend
419,Koei,Crimson Sea
420,EA Sports BIG,FIFA Street 3
421,Exient Entertainment,FIFA Street 3
422,Ignition Entertainment,Red Bull BC One
423,Playlogic Entertainment,Red Bull BC One
424,Smack Down Productions,Red Bull BC One
425,Traveller's Tales,The Weakest Link
426,Activision,The Weakest Link
427,BBC Multimedia,The Weakest Link
428,MTV Games,Rock Band Country Track Pack 2
429,Harmonix Music Systems,Rock Band Country Track Pack 2
430,Demiurge Studios,Rock Band Country Track Pack 2
431,Capcom,Viewtiful Joe: Red Hot Rumble
432,Clover Studio,Viewtiful Joe: Red Hot Rumble
433,Nintendo,Viewtiful Joe: Red Hot Rumble
434,MachineGames,Wolfenstein: The Old Blood
435,Bethesda Softworks,Wolfenstein: The Old Blood
436,Codemasters Southam,GRID Autosport
437,Codemasters,GRID Autosport
438,Feral Interactive,GRID Autosport
439,Sierra Entertainment,The Mummy: Tomb of the Dragon Emperor
440,Eurocom Entertainment Software,The Mummy: Tomb of the Dragon Emperor
441,A2M,The Mummy: Tomb of the Dragon Emperor
442,"Nicalis, Inc.",Ikaruga
443,G.rev,Ikaruga
444,Entertainment Software Publishing Inc.,Ikaruga
445,Treasure,Ikaruga
446,"Atari, Inc.",Ikaruga
447,Zereo,Ikaruga
448,Midway Games,The Suffering: Ties That Bind
449,Surreal Software,The Suffering: Ties That Bind
450,THQ,Scooby-Doo! Unmasked
451,2K Sports,MLB Superstars
452,Deep Fried Entertainment,MLB Superstars
453,Vicious Cycle Software,Adventure Time: Finn & Jake Investigations
454,Little Orbit,Adventure Time: Finn & Jake Investigations
455,Mastiff,Remington Super Slam Hunting: Alaska
456,Koei,Nobunaga's Ambition: Iron Triangle
457,Crytek,Crysis: Maximum Edition
458,EA,Crysis: Maximum Edition
459,Sandlot Games,Cake Mania: Main Street
460,Avanquest Software,Roary the Racing Car
461,Sierra Entertainment,The Mummy: Tomb of the Dragon Emperor
462,Eurocom Entertainment Software,The Mummy: Tomb of the Dragon Emperor
463,A2M,The Mummy: Tomb of the Dragon Emperor
464,Marvelous Interactive,Harvest Moon: Boy & Girl
465,Natsume Inc.,Harvest Moon: Boy & Girl
466,Atlus,Knights in the Nightmare
467,Sting,Knights in the Nightmare
468,Capcom,Sengoku Basara 4: Sumeragi
469,Activision,Shrek Smash n' Crash Racing
470,Torus Games,Shrek Smash n' Crash Racing
471,Nick Games,El Tigre: The Adventures of Manny Rivera
472,THQ,El Tigre: The Adventures of Manny Rivera
473,Barking Lizards Technologies,El Tigre: The Adventures of Manny Rivera
474,Sega of America,Jambo! Safari Animal Rescue
475,Full Fat,Jambo! Safari Animal Rescue
476,Sega AM2,Jambo! Safari Animal Rescue
477,Sega AM3,Jambo! Safari Animal Rescue
478,Kylotonn Games,WRC 5: FIA World Rally Championship
479,Plug In Digital,WRC 5: FIA World Rally Championship
480,Bigben Interactive,WRC 5: FIA World Rally Championship
481,Ubisoft Entertainment,Petz: Saddle Club
482,tri-Crescendo,Digimon World Re:Digitize Decode
483,Bandai Namco Games,Digimon World Re:Digitize Decode
484,Namco Bandai Games,Digimon World Re:Digitize Decode
485,Bandai,Digimon World 4
486,XPEC,Spectral Force 3
487,Idea Factory,Spectral Force 3
488,Atlus,Spectral Force 3
489,Razorworks Studios,Ford Racing 3
490,2K Games,Ford Racing 3
491,Empire Interactive,Ford Racing 3
492,Zoo Digital,Ford Racing 3
493,Visual Impact,Ford Racing 3
494,Hearty Robin,Sotsugyou Crossworld
495,Shogakukan Production,Sotsugyou Crossworld
496,Japan Home Video Co.,Sotsugyou Crossworld
497,Activision,Ty the Tasmanian Tiger 3: Night of the Quinkan
498,Zoo Digital,Ty the Tasmanian Tiger 3: Night of the Quinkan
499,Krome Studios,Ty the Tasmanian Tiger 3: Night of the Quinkan
500,Namco,R: Racing Evolution
501,Mobius Entertainment,Bionicle
502,Electronic Arts,Bionicle
503,Artificial Mind & Movement,The Ant Bully
504,Midway Games,The Ant Bully
505,Piranha Bytes,Risen 3: Titan Lords
506,Deep Silver,Risen 3: Titan Lords
507,Sega,Bleach GC: Tasogare Ni Mamieru Shinigami
508,Polygon Magic,Bleach GC: Tasogare Ni Mamieru Shinigami
509,Arc System Works,Battle Fantasia
510,Aksys Games,Battle Fantasia
511,505 Games,Battle Fantasia
512,Harmonix Music Systems,Karaoke Revolution
513,Spike,Fire Pro Wrestling Returns
514,Agetec,Fire Pro Wrestling Returns
515,505 Games,Fire Pro Wrestling Returns
516,Playlogic Entertainment,Obscure: The Aftermath
517,Ignition Entertainment,Obscure: The Aftermath
518,Hydravision Entertainment,Obscure: The Aftermath
519,Mighty Rocket Studios,Obscure: The Aftermath
520,THQ,Jimmy Neutron: Boy Genius
521,AWE Games,Jimmy Neutron: Boy Genius
522,BigSky Interactive Inc.,Jimmy Neutron: Boy Genius
523,EA Orlando,Henry Hatsworth in the Puzzling Adventure
524,EA Games,Henry Hatsworth in the Puzzling Adventure
525,Psygnosis,Rollcage Stage II
526,Midway Games,Rollcage Stage II
527,Take-Two Interactive,Rollcage Stage II
528,Attention To Detail,Rollcage Stage II
529,Koei,Samurai Warriors 2: Xtreme Legends
530,Omega Force,Samurai Warriors 2: Xtreme Legends
531,Koei Tecmo,Samurai Warriors 2: Xtreme Legends
532,Team NINJA,Dead or Alive 5
533,Tecmo Koei Games,Dead or Alive 5
534,Destineer,Game Hits!
535,Activision,Spider-Man: Edge of Time
536,King of the Jungle,Invasion From Beyond
537,GT Interactive Software,Invasion From Beyond
538,Piko Interactive,Invasion From Beyond
539,Brash Entertainment,Jumper: Griffin's Story
540,Redtribe,Jumper: Griffin's Story
541,Collision Studios,Jumper: Griffin's Story
542,Stormfront Studios,Forgotten Realms: Demon Stone
543,Zono Inc.,Forgotten Realms: Demon Stone
544,"Atari, Inc.",Forgotten Realms: Demon Stone
545,2K Sports,Major League Baseball 2K7
546,Kush Games,Major League Baseball 2K7
547,Take-Two Interactive,Major League Baseball 2K7
548,Backbone Entertainment,Rock Band 3
549,MTV Games,Rock Band 3
550,LucasArts,LEGO Star Wars II: The Original Trilogy
551,TT Games,LEGO Star Wars II: The Original Trilogy
552,Amaze Entertainment,LEGO Star Wars II: The Original Trilogy
553,BABEL Media,LEGO Star Wars II: The Original Trilogy
554,Omega Force,Dynasty Warriors 8: Empires
555,Koei Tecmo,Dynasty Warriors 8: Empires
556,Koei,Dynasty Warriors 8: Empires
557,Capcom,Tim Burton's The Nightmare Before Christmas: Oogie's Revenge
558,Buena Vista Games,Tim Burton's The Nightmare Before Christmas: Oogie's Revenge
559,Konami Computer Entertainment Osaka,Mahjong Master
560,Konami,Mahjong Master
561,Dimps,Crash Boom Bang!
562,Vivendi Universal Games,Crash Boom Bang!
563,Sierra Entertainment,Crash Boom Bang!
564,Tantalus Interactive,Top Gear Rally
565,Nintendo,Top Gear Rally
566,Kemco,Top Gear Rally
567,THQ,Red Faction: Armageddon
568,Syfy Games,Red Faction: Armageddon
569,Volition,Red Faction: Armageddon
570,Rising Star Games,BIT.TRIP COMPLETE
571,Aksys Games,BIT.TRIP COMPLETE
572,Choice Provisions,BIT.TRIP COMPLETE
573,Konami,L: the proLogue to DEATH NOTE - Rasen no Wana
574,HB Studios,Rugby 15
575,Maximum Family Games,Rugby 15
576,Bigben Interactive,Rugby 15
577,Nintendo,Famicom Mini: Makaimura
578,Capcom,Famicom Mini: Makaimura
579,Micronics,Famicom Mini: Makaimura
580,Nippon Ichi Software,The Witch and the Hundred Knight
581,NIS America,The Witch and the Hundred Knight
582,SouthEnd Interactive,XIII
583,Ubisoft Paris,XIII
584,Zonic Limited,XIII
585,Ubisoft Entertainment,XIII
586,Feral Interactive,XIII
587,Majesco Entertainment,Data East Arcade Classics
588,G1M2,Data East Arcade Classics
589,Conspiracy Entertainment,Ski and Shoot
590,49Games,Ski and Shoot
591,Crave Entertainment,Ski and Shoot
592,THQ,The Incredibles: Rise of the Underminer
593,Heavy Iron Studios,The Incredibles: Rise of the Underminer
594,Krisalis Software,Theme Hospital
595,Electronic Arts,Theme Hospital
596,Electronic Arts Victor,Theme Hospital
597,LEVEL-5,Inazuma Eleven 3
598,Nintendo,Inazuma Eleven 3
599,Racjin,Wizardry: Tale of the Forsaken Land
600,Atlus,Wizardry: Tale of the Forsaken Land
601,Eidos Interactive,ShellShock 2: Blood Trails
602,Rebellion Developments,ShellShock 2: Blood Trails
603,Ubisoft Paris,Just Dance Wii U
604,Nintendo,Just Dance Wii U
605,TimeGate Studios,F.E.A.R. Files
606,Sierra Entertainment,F.E.A.R. Files
607,Day 1 Studios,F.E.A.R. Files
608,Sonic Team,ChuChu Rocket!
609,Sega,ChuChu Rocket!
610,EA Sports,FIFA 12
611,Psygnosis,Codename Tenka
612,BAM! Entertainment,Savage Skies
613,Bigben Interactive,Savage Skies
614,iRock Interactive,Savage Skies
615,Destineer,Indianapolis 500 Legends
616,Torus Games,Indianapolis 500 Legends
617,Cavia,Sega Bass Fishing
618,AM1,Sega Bass Fishing
619,"SIMS Co., Ltd",Sega Bass Fishing
620,Sega,Sega Bass Fishing
621,Buena Vista Games,Walt Disney's The Jungle Book: Rhythm N'Groove
622,Climax Studios,Assassin's Creed Chronicles
623,Ubisoft Entertainment,Assassin's Creed Chronicles
624,Ubisoft San Francisco,The Smurfs 2
625,Crystal Dynamics,Lara Croft and the Temple of Osiris
626,Square Enix,Lara Croft and the Temple of Osiris
627,Nixxes Software,Lara Croft and the Temple of Osiris
628,Feral Interactive,Lara Croft and the Temple of Osiris
629,Electronic Arts,The Sims 2: Apartment Life
630,Maxis,The Sims 2: Apartment Life
631,Capcom,Killer7
632,Grasshopper Manufacture,Killer7
633,NIS America,Killer7
634,Engine Software,Killer7
635,Ensemble Studios,Age of Mythology
636,Microsoft Game Studios,Age of Mythology
637,MacSoft Games,Age of Mythology
638,Game Machine Studios,Busy Scissors
639,Little Orbit,Busy Scissors
640,Lancarse,Lost Heroes
641,Banpresto,Lost Heroes
642,Sonic Team,Astro Boy
643,Sega,Astro Boy
644,Bandai Namco Entertainment,SD Gundam G Generation Genesis
645,Tom Create,SD Gundam G Generation Genesis
646,Sega,Wacky World of Sports
647,"Tabot, Inc.",Wacky World of Sports
648,THQ,Puss in Boots
649,Blitz Games,Puss in Boots
650,ImaginEngine,Puss in Boots
651,Artificial Mind & Movement,Monster House
652,THQ,Monster House
653,Electronic Arts,Wing Commander IV: The Price of Freedom
654,Origin Systems,Wing Commander IV: The Price of Freedom
655,Sony Computer Entertainment of America,Cloudy With a Chance of Meatballs
656,Ubisoft Shanghai,Cloudy With a Chance of Meatballs
657,Ubisoft Entertainment,Cloudy With a Chance of Meatballs
658,Backbone Entertainment,Charlotte's Web
659,Sega,Charlotte's Web
660,Indi,MetropolisMania
661,Natsume Inc.,MetropolisMania
662,Media Factory,MetropolisMania
663,Atlus,Shin Megami Tensei: Devil Summoner - Raidou Kuzunoha vs. The Soulless Army
664,Atlus,Bomberman Land Touch!
665,Hudson Soft,Bomberman Land Touch!
666,Rising Star Games,Bomberman Land Touch!
667,Red Ant Enterprises,Bomberman Land Touch!
668,Activision,Monster Jam: Urban Assault
669,Torus Games,Monster Jam: Urban Assault
670,Oxygen Games,My Make-Up
671,Genuine Games,50 Cent: Bulletproof
672,Vivendi Universal Games,50 Cent: Bulletproof
673,NEC Home Electronics,Princess Maker 2
674,Gainax,Princess Maker 2
675,Microcabin,Princess Maker 2
676,EA Sports,NCAA Football 08
677,EA Orlando,NCAA Football 08
678,KISS ltd,SRS: Street Racing Syndicate
679,Funbox Media,SRS: Street Racing Syndicate
680,Eutechnyx,SRS: Street Racing Syndicate
681,Namco,SRS: Street Racing Syndicate
682,Conspiracy Entertainment,Winter Sports 2: The Next Challenge
683,RTL Games,Winter Sports 2: The Next Challenge
684,49Games,Winter Sports 2: The Next Challenge
685,THQ,Destroy All Humans! Path of the Furon
686,Sandblast Games,Destroy All Humans! Path of the Furon
687,2K Sports,Major League Baseball 2K9
688,Visual Concepts,Major League Baseball 2K9
689,Kush Games,Major League Baseball 2K9
690,OG International,Great Party Games
691,Destineer,Great Party Games
692,Eighting,Bleach: Heat the Soul 5
693,Sony Computer Entertainment,Bleach: Heat the Soul 5
694,Sacnoth,Koudelka
695,Infogrames,Koudelka
696,SNK,Koudelka
697,Activision,Animal Planet: Emergency Vets
698,Bethesda Softworks,IHRA Drag Racing: Sportsman Edition
699,Valve,Counter-Strike: Source
700,Hidden Path Entertainment,Counter-Strike: Source
701,Infinite Interactive,Puzzle Chronicles
702,Konami,Puzzle Chronicles
703,Valcon Games,Ski-Doo Snowmobile Challenge
704,ColdWood Interactive,Ski-Doo Snowmobile Challenge
705,"Eidos, Inc.",Brain Voyage
706,Razorback Developments Ltd,Brain Voyage
707,Red Storm Entertainment,America's Army: True Soldiers
708,Vicious Cycle Software,Adventure Time: Finn & Jake Investigations
709,Little Orbit,Adventure Time: Finn & Jake Investigations
710,Omega Force,Toukiden 2
711,Koei Tecmo Europe,Toukiden 2
712,Koei Tecmo America Corporation,Toukiden 2
713,Koei Tecmo,Toukiden 2
714,Valcon Games,Raiden Fighters Aces
715,Success Corporation,Raiden Fighters Aces
716,Guilti,Raiden Fighters Aces
717,Bandai Namco Entertainment,SD Gundam G Generation Genesis
718,Tom Create,SD Gundam G Generation Genesis
719,Activision,NASCAR The Game: Inside Line
720,Eutechnyx,NASCAR The Game: Inside Line
721,Petroglyph Games,Star Wars: Empire at War
722,LucasArts,Star Wars: Empire at War
723,Aspyr Media,Star Wars: Empire at War
724,Aksys Games,BlazBlue Central Fiction
725,"H2 Interactive Co., Ltd.",BlazBlue Central Fiction
726,Arc System Works,BlazBlue Central Fiction
727,Telstar Electronic Studios Ltd.,Wreckin Crew
728,Quickdraw Developments Ltd.,Wreckin Crew
729,Nintendo,Famicom Mini: Mario Bros.
730,Capcom,RockMan EXE 4.5 Real Operation
731,Capcom Production Studio 2,RockMan EXE 4.5 Real Operation
732,Sega,Sega GT Online
733,WOW Entertainment,Sega GT Online
734,SCE London Studio,SingStar: Made In Germany
735,Sony Computer Entertainment Europe,SingStar: Made In Germany
736,Platform Publishing,Frantix
737,Killer Game,Frantix
738,Atlus,Knights in the Nightmare
739,Sting,Knights in the Nightmare
740,Activision,SeaWorld Adventure Parks: Shamu's Deep Sea Adventure
741,FUN Labs,SeaWorld Adventure Parks: Shamu's Deep Sea Adventure
742,Magic Wand Productions,SeaWorld Adventure Parks: Shamu's Deep Sea Adventure
743,Sand Grain Studios,SeaWorld Adventure Parks: Shamu's Deep Sea Adventure
744,Humagade,SeaWorld Adventure Parks: Shamu's Deep Sea Adventure
745,Electronic Arts,Marvel Nemesis: Rise of the Imperfects
746,EA Canada,Marvel Nemesis: Rise of the Imperfects
747,Sensory Sweep Studios,Marvel Nemesis: Rise of the Imperfects
748,Codemasters,Prisoner of War
749,Wide Games,Prisoner of War
750,Konami,Konami Classics Vol. 1
751,Vivid Image,S.C.A.R.S
752,Bandai Namco Games,The Seven Deadly Sins: Unjust Sin
753,FarSight Studios,ESPN NFL Primetime 2002
754,Konami,ESPN NFL Primetime 2002
755,BEC,Kidou Senshi Gundam 00
756,Namco Bandai Games,Kidou Senshi Gundam 00
757,Majesco,Nano Assault
758,Sega,Captain America: Super Soldier
759,Next Level Games,Captain America: Super Soldier
760,Sega,Captain America: Super Soldier
761,Next Level Games,Captain America: Super Soldier
762,Capcom,Onimusha Tactics
763,Hudson Soft,Bomberman Jetters
764,Majesco Entertainment,Bomberman Jetters
765,Hudson Soft,Nikoli's Pencil Puzzle
766,Konami,Nikoli's Pencil Puzzle
767,Codemasters,TOCA Race Driver 3
768,Codemasters Southam,TOCA Race Driver 3
769,Robosoft Technologies,TOCA Race Driver 3
770,Sumo Digital,TOCA Race Driver 3
771,Digital Leisure Inc.,Mad Dog McCree: Gunslinger Pack
772,Majesco Entertainment,Mad Dog McCree: Gunslinger Pack
773,Crave Entertainment,Deadliest Catch: Sea of Chaos
774,Namco Hometek,Pac-Man Power Pack
775,Blitz Games Studios,Pac-Man Power Pack
776,Smart Bomb Interactive,Pac-Man Power Pack
777,Namco Bandai Games,Pac-Man Power Pack
778,Little Orbit,How to Train Your Dragon 2
779,Midway,Blacksite: Area 51
780,Midway Studios Austin,Blacksite: Area 51
781,Ubisoft Entertainment,Disney's Donald Duck: Goin' Quackers
782,Ubisoft Milan,Disney's Donald Duck: Goin' Quackers
783,Telegames,Ultimate Brain Games
784,Cosmigo,Ultimate Brain Games
785,Activision,Angry Birds Star Wars
786,LucasArts,Angry Birds Star Wars
787,Exient Entertainment,Angry Birds Star Wars
788,Rovio Entertainment,Angry Birds Star Wars
789,Taito,Exit
790,Acclaim Japan,Armorines: Project S.W.A.R.M.
791,Acclaim Studios London,Armorines: Project S.W.A.R.M.
792,Acclaim Entertainment,Armorines: Project S.W.A.R.M.
793,Bandai,Gundam Seed: Battle Assault
794,"Natsume Co., Ltd.",Gundam Seed: Battle Assault
795,Capcom,Harvey Birdman: Attorney at Law
796,High Voltage Software,Harvey Birdman: Attorney at Law
797,Activision,The Voice
798,Square Enix,SaGa 3: Jikuu no Hasha - Shadow or Light
799,Racjin,SaGa 3: Jikuu no Hasha - Shadow or Light
800,D3 Publisher,The Secret Saturdays: Beasts of the 5th Sun
801,1st Playable Productions,The Secret Saturdays: Beasts of the 5th Sun
802,High Voltage Software,The Secret Saturdays: Beasts of the 5th Sun
803,Zono Inc.,Aliens versus Predator: Extinction
804,EA Games,Aliens versus Predator: Extinction
805,Konami,Tokimeki Memorial: Girl's Side
806,EA Sports BIG,FIFA Street 2
807,EA Canada,FIFA Street 2
808,Core Design,Smart Bomb
809,Eidos Interactive,Smart Bomb
810,Climax Entertainment,Shining Force: Resurrection of the Dark Dragon
811,Atlus,Shining Force: Resurrection of the Dark Dragon
812,Amusement Vision,Shining Force: Resurrection of the Dark Dragon
813,THQ,Shining Force: Resurrection of the Dark Dragon
814,Sega Corporation,Shining Force: Resurrection of the Dark Dragon
815,Sega Games,Shining Force: Resurrection of the Dark Dragon
816,Sega,Shining Soul II
817,Atlus,Shining Soul II
818,THQ,Shining Soul II
819,Nextech,Shining Soul II
820,Grasshopper Manufacture,Shining Soul II
821,HB Studios,The Golf Club
822,Maximum Games,The Golf Club
823,XPEC,Hello Kitty: Roller Rescue
824,Namco,Hello Kitty: Roller Rescue
825,Empire Interactive,Hello Kitty: Roller Rescue
826,Sanrio Digital,Hello Kitty: Roller Rescue
827,SNK Playmore,Metal Slug Advance
828,Noise Factory,Metal Slug Advance
829,Smart Bomb Interactive,Pac-Man World Rally
830,Bandai Namco Entertainment,Pac-Man World Rally
831,Mobile21,Gradius Galaxies
832,Konami,Gradius Galaxies
833,Ubisoft Bucharest,Blazing Angels: Squadrons of WWII
834,Ubisoft Entertainment,Blazing Angels: Squadrons of WWII
835,D3 Publisher,Blazing Angels: Squadrons of WWII
836,Global VR,Blazing Angels: Squadrons of WWII
837,Bandai Namco Holdings,God Eater Resurrection
838,Shift,God Eater Resurrection
839,Bandai Namco Entertainment Europe,God Eater Resurrection
840,Bandai Namco Entertainment America,God Eater Resurrection
841,Bandai Namco Entertainment,God Eater Resurrection
842,Bandai Namco Studios,God Eater Resurrection
843,2K Sports,NHL 2K7
844,Kush Games,NHL 2K7
845,Visual Concepts,NHL 2K7
846,Silicon Dreams Studios,LEGO Soccer Mania
847,Tiertex Design Studios,LEGO Soccer Mania
848,EA,LEGO Soccer Mania
849,Lego Interactive,LEGO Soccer Mania
850,Plug In Digital,MotoGP 14 
851,Milestone,MotoGP 14 
852,Artdink,Gundam the 3D Battle
853,Namco Bandai Games,Gundam the 3D Battle
854,bitComposer Games,Air Conflicts: Secret Wars
855,Games Farm,Air Conflicts: Secret Wars
856,KalypsoMediaGroup,Air Conflicts: Secret Wars
857,Majesco Entertainment,Face Racers: Photo Finish
858,Gameloft,Miami Nights: Singles in the City
859,Yacht Club Games,Shovel Knight
860,General Entertainment,Godzilla Generations
861,Sega Entertainment,Godzilla Generations
862,Capcom,Strider 2
863,Project Siren,Forbidden Siren 2
864,Sony Computer Entertainment,Forbidden Siren 2
865,DSI Games,Board Game Classics
866,Black Lantern Studios,Board Game Classics
867,Avanquest Software,Junior Mystery Quest
868,Maximum Family Games,Junior Mystery Quest
869,Uacari SARL,Junior Mystery Quest
870,Konami,Death Jr. and the Science Fair of Doom
871,Backbone Entertainment,Death Jr. and the Science Fair of Doom
872,Nordcurrent,101-in-1 Sports Megamix
873,Atlus,101-in-1 Sports Megamix
874,Atlus,Shin Megami Tensei: Digital Devil Saga 2
875,Ghostlight Ltd.,Shin Megami Tensei: Digital Devil Saga 2
876,Konami,Pro Evolution Soccer 2013
877,PlatinumGames,Transformers: Devastation
878,Activision,Transformers: Devastation
879,Bandai,Zatch Bell! Mamodo Battles
880,Cartoon Network Interactive,Zatch Bell! Mamodo Battles
881,Toei Animation,Zatch Bell! Mamodo Battles
882,Viz Media,Zatch Bell! Mamodo Battles
883,Eighting,Zatch Bell! Mamodo Battles
884,Griptonite Games,The Penguins of Madagascar: Dr. Blowhole Returns - Again!
885,THQ,The Penguins of Madagascar: Dr. Blowhole Returns - Again!
886,b-alive,Wildlife Park 3
887,Lightning Fish Games,Get Fit with Mel B
888,Deep Silver,Get Fit with Mel B
889,Black Bean Games,Get Fit with Mel B
890,Gearbox Software,Battleborn
891,2K Games,Battleborn
892,Sony Computer Entertainment of America,Cloudy With a Chance of Meatballs
893,Ubisoft Shanghai,Cloudy With a Chance of Meatballs
894,Ubisoft Entertainment,Cloudy With a Chance of Meatballs
895,Acclaim,Iron Man / X-O Manowar in Heavy Metal
896,Real Time,Iron Man / X-O Manowar in Heavy Metal
897,Virtuos,Pimp My Ride: Street Racing
898,Activision,Pimp My Ride: Street Racing
899,MTV Games,Pimp My Ride: Street Racing
900,Takara Tomy,Pretty Rhythm: My Deco Rainbow Wedding
901,GT Interactive Software,Robotron X
902,Crave Entertainment,Robotron X
903,Player 1,Robotron X
904,Tomy,Naruto Shippuden: Shinobi Rumble
905,Zoo Games,Martian Panic
906,N-Fusion Interactive,Martian Panic
907,2K Games,Don King Boxing
908,Zoo Games,Build 'n Race
909,Icon Games Entertainment,Build 'n Race
910,Bandai,Meitantei Conan & Kindaichi Shounen no Jikenbou: Meguri au Futari no Meitantei
911,Spike,Meitantei Conan & Kindaichi Shounen no Jikenbou: Meguri au Futari no Meitantei
912,Aksys Games,Guilty Gear Xrd -Revelator-
913,Arc System Works,Guilty Gear Xrd -Revelator-
914,EA Sports,FIFA Soccer 2005
915,Eidos Interactive,ShellShock 2: Blood Trails
916,Rebellion Developments,ShellShock 2: Blood Trails
917,Digital Eclipse,Mega Man Legacy Collection
918,Capcom,Mega Man Legacy Collection
919,Bandai Namco Entertainment,Knights Contract
920,Game Republic Inc.,Knights Contract
921,Namco Bandai Games,Kaijuu Busters Powered
922,EA Sports,NHL 06
923,EA Canada,NHL 06
924,Sierra Entertainment,The Spiderwick Chronicles
925,Stormfront Studios,The Spiderwick Chronicles
926,Sega Corporation,Initial D: Extreme Stage
927,Activision,Pinobee: Wings of Adventure
928,Artoon,Pinobee: Wings of Adventure
929,Hudson Soft,Pinobee: Wings of Adventure
930,SouthPeak Interactive,State of Emergency 2
931,DC Studios,State of Emergency 2
932,Spike,State of Emergency 2
933,Banpresto,Gintama Gin-Oh Quest: Gin-San ga Tenshoku Shitari Sekai wo Sukuttari
934,Take-Two Interactive,Fatal Frame III: The Tormented
935,Tecmo,Fatal Frame III: The Tormented
936,Nintendo,Zero: Tsukihami no Kamen
937,Grasshopper Manufacture,Zero: Tsukihami no Kamen
938,Sammy Studios,Seven Samurai 20XX
939,Dimps,Seven Samurai 20XX
940,Polygon Magic,Seven Samurai 20XX
941,Activision,Generator Rex: Agent of Providence
942,Little Orbit,Adventure Time: The Secret of the Nameless Kingdom
943,WayForward,Adventure Time: The Secret of the Nameless Kingdom
944,Piranha Bytes,Risen 3: Titan Lords
945,Deep Silver,Risen 3: Titan Lords
946,PlatinumGames,Transformers: Devastation
947,Activision,Transformers: Devastation
948,Konami,Tornado Outbreak
949,Loose Cannon Studios,Tornado Outbreak
950,Data Design Interactive,Ninjabread Man
951,Conspiracy Entertainment,Ninjabread Man
952,Ubisoft Shanghai,Tom Clancy's Splinter Cell: Pandora Tomorrow
953,Ubisoft Milan,Tom Clancy's Splinter Cell: Pandora Tomorrow
954,Ubisoft Annecy,Tom Clancy's Splinter Cell: Pandora Tomorrow
955,Ubisoft Entertainment,Tom Clancy's Splinter Cell: Pandora Tomorrow
956,Electronic Arts,Battlefield 2
957,Digital Illusions CE,Battlefield 2
958,Japan Art Media,Slayers Royal
959,Kadokawa Shoten,Slayers Royal
960,Eidos Interactive,Swingerz Golf
961,Telenet Japan,Swingerz Golf
962,City Interactive,Murder in Venice
963,Respawn Entertainment,Titanfall 2
964,Electronic Arts,Titanfall 2
965,Arc System Works,Persona 4: Arena Ultimax
966,Atlus,Persona 4: Arena Ultimax
967,Sega,Persona 4: Arena Ultimax
968,505 Games,Supremacy MMA
969,Kung Fu Factory,Supremacy MMA
970,SNK Playmore,The King of Fighters 2006
971,Ignition Entertainment,The King of Fighters 2006
972,Majesco Entertainment,The Hidden
973,Electronic Arts,FIFA Soccer 2003
974,Simon & Schuster,Outlaw Golf
975,Hypnotix,Outlaw Golf
976,NITRO PLUS,Steins;Gate: Hiyoku Renri no Darling
977,5pb.,Steins;Gate: Hiyoku Renri no Darling
978,Spike Chunsoft,Steins;Gate: Hiyoku Renri no Darling
979,2K Sports,Major League Baseball 2K11
980,Visual Concepts,Major League Baseball 2K11
981,Take-Two Interactive,Major League Baseball 2K11
982,guyzware,ToraDora Portable!
983,Namco Bandai Games,ToraDora Portable!
984,Eidos Interactive,The Italian Job
985,Climax Brighton,The Italian Job
986,Rockstar Games,Smuggler's Run: Warzones
987,Angel Studios,Smuggler's Run: Warzones
988,Take-Two Interactive,Smuggler's Run: Warzones
989,The Adventure Company,SafeCracker: The Ultimate Puzzle Adventure
990,Kheops Studio,SafeCracker: The Ultimate Puzzle Adventure
991,Koei Tecmo America Corporation,Warriors Orochi 3 Hyper
992,Koei,Warriors Orochi 3 Hyper
993,Omega Force,Warriors Orochi 3 Hyper
994,Koei Tecmo Europe,Warriors Orochi 3 Hyper
995,Koei Tecmo,Warriors Orochi 3 Hyper
996,SCE San Diego Studio,NBA 10: The Inside
997,Sony Computer Entertainment,NBA 10: The Inside
998,Q Entertainment,Qubed
999,"Atari, Inc.",Qubed
1000,Papaya Studio,Cartoon Network: Punch Time Explosion XL
1001,"Little Orbit, LLC",Cartoon Network: Punch Time Explosion XL
1002,Deep Silver,Cartoon Network: Punch Time Explosion XL
1003,Tose,Final Fantasy VI
1004,Square,Final Fantasy VI
1005,Square Enix,Final Fantasy VI
1006,Inti Creates,PAC-MAN and the Ghostly Adventures
1007,Monkey Bar Games,PAC-MAN and the Ghostly Adventures
1008,Namco Bandai Games,PAC-MAN and the Ghostly Adventures
1009,Konami Digital Entertainment,Pop'n Music
1010,Stormfront Studios,The Legend of Alon D'ar
1011,Nippon Ichi Software,Uta no Prince-Sama: All Star After Secret
1012,Broccoli,Uta no Prince-Sama: All Star After Secret
1013,Electronic Arts,The Sims 3: Fast Lane Stuff
1014,Maxis,The Sims 3: Fast Lane Stuff
1015,Flight-Plan,Black/Matrix
1016,NEC Interchannel,Black/Matrix
1017,SNK,The King of Fighters '96
1018,WB Games,Legend of the Guardians: The Owls of Ga'Hoole
1019,Krome Studios,Legend of the Guardians: The Owls of Ga'Hoole
1020,Tantalus Media,Legend of the Guardians: The Owls of Ga'Hoole
1021,Atlus,Super Robot Taisen OG Saga: Endless Frontier
1022,City Interactive,Sniper: Ghost Warrior 2
1023,K2,Samurai Shodown Sen
1024,SNK Playmore,Samurai Shodown Sen
1025,XSEED Games,Samurai Shodown Sen
1026,Rising Star Games,Samurai Shodown Sen
1027,Acclaim Entertainment,NHL Breakaway 99
1028,Iguana Entertainment,NHL Breakaway 99
1029,Edge of Reality,Tony Hawk's Pro Skater 3
1030,Activision Publishing,Tony Hawk's Pro Skater 3
1031,Acclaim Entertainment,Iggy's Reckin' Balls
1032,Iguana Entertainment,Iggy's Reckin' Balls
1033,Zed Two,Wetrix
1034,Take-Two Interactive,Wetrix
1035,Xicat Interactive,Wetrix
1036,Imagineer,Wetrix
1037,Ocean Software,Wetrix
1038,Redtribe,Looney Tunes: Acme Arsenal
1039,WB Games,Looney Tunes: Acme Arsenal
1040,inXile Entertainment,Line Rider 2: Unbound
1041,Genius Products,Line Rider 2: Unbound
1042,THQ,Princess in Love
1043,dtp entertainment AG,Princess in Love
1044,EA Games,Harry Potter and the Sorcerer's Stone
1045,Warthog Games,Harry Potter and the Sorcerer's Stone
1046,3DO,High Heat Major League Baseball 2004
1047,Free Radical Design,TimeSplitters: Future Perfect
1048,Electronic Arts,TimeSplitters: Future Perfect
1049,Konami,Captain Tsubasa: New Kick Off
1050,Ubisoft Entertainment,Puzzler Mind Gym 3D
1051,Relic Entertainment,"Warhammer 40,000: Dawn of War II - Retribution"
1052,THQ,"Warhammer 40,000: Dawn of War II - Retribution"
1053,Feral Interactive,"Warhammer 40,000: Dawn of War II - Retribution"
1054,Spike,Kenshuui Tendo Dokuta
1055,BANDAI NAMCO Games Inc,Super Sentai Battle: Ranger Cross
1056,Bandai,Super Sentai Battle: Ranger Cross
1057,Maxis,The Sims 2: Ikea Home Stuff
1058,Electronic Arts,The Sims 2: Ikea Home Stuff
1059,Konami,Gradius III and IV
1060,Focus Entertainment,Sherlock Holmes: Crimes & Punishments
1061,Frogwares,Sherlock Holmes: Crimes & Punishments
1062,Maximum Games,Sherlock Holmes: Crimes & Punishments
1063,Polygon Magic,Incredible Crisis
1064,Tokuma Shoten,Incredible Crisis
1065,Titus Interactive,Incredible Crisis
1066,Tecmo,Incredible Crisis
1067,Midway,Midway Arcade Treasures 3
1068,Sony Computer Entertainment Europe,SingStar Apres-Ski Party 2
1069,SCE London Studio,SingStar Apres-Ski Party 2
1070,Activision,Cabela's North American Adventures
1071,ACQUIRE Corp.,Akiba's Trip Plus
1072,Bandai,Famicom Mini: SD Gundam World Gachapon Senshi - Scramble Wars
1073,Activision,Bakugan: Rise of the Resistance
1074,Magic Pockets,Bakugan: Rise of the Resistance
1075,Eurocom Entertainment Software,Ice Age 2: The Meltdown
1076,Vivendi Games,Ice Age 2: The Meltdown
1077,Nintendo,Famicom Mini: Star Soldier
1078,WB Games,The Bachelor: The Videogame
1079,"Ludia, Inc.",The Bachelor: The Videogame
1080,Jaleco,Goblin Commander: Unleash the Horde
1081,Bandai Namco Entertainment,Knights Contract
1082,Game Republic Inc.,Knights Contract
1083,Maxis Software,A-Train
1084,Artdink,A-Train
1085,Sony Computer Entertainment Europe,A-Train
1086,"Atari, Inc.",Superman: Shadow of Apokolips
1087,Infogrames,Superman: Shadow of Apokolips
1088,Inti Creates,PAC-MAN and the Ghostly Adventures
1089,Monkey Bar Games,PAC-MAN and the Ghostly Adventures
1090,Namco Bandai Games,PAC-MAN and the Ghostly Adventures
1091,Koei Tecmo,Sengoku Musou 3: Moushouden 
1092,Omega Force,Sengoku Musou 3: Moushouden 
1093,Conspiracy Entertainment Corp.,Witches & Vampires: The Secrets of Ashburry
1094,Smack Down Productions,Witches & Vampires: The Secrets of Ashburry
1095,DC Comics,Batman: Dark Tomorrow
1096,Kemco,Batman: Dark Tomorrow
1097,WB Games,Batman: Dark Tomorrow
1098,HotGen,Batman: Dark Tomorrow
1099,Vicious Cycle Software,Pac-Man and the Ghostly Adventures 2
1100,Bandai Namco Entertainment,Pac-Man and the Ghostly Adventures 2
1101,Monkey Bar Games,Pac-Man and the Ghostly Adventures 2
1102,Zoe Mode,Crush
1103,Sega,Crush
1104,Kalypso Media,The First Templar
1105,Haemimont Games,The First Templar
1106,FX Interactive,The First Templar
1107,Konami,Rock Revolution
1108,Zoe Mode,Rock Revolution
1109,HB Studios,Rock Revolution
1110,Majesco Entertainment,Jillian Michaels Fitness Ultimatum 2010
1111,Universal Interactive Studios,Battlestar Galactica
1112,VU Games,Battlestar Galactica
1113,Warthog Games,Battlestar Galactica
1114,Sandlot,Earth Defense Force 2017
1115,D3 Publisher,Earth Defense Force 2017
1116,Eidos Interactive,Tomb Raider: Legend
1117,Crystal Dynamics,Tomb Raider: Legend
1118,Nixxes Software,Tomb Raider: Legend
1119,Majesco Entertainment,Boxing Fever
1120,Digital Fiction,Boxing Fever
1121,Midway Games,RoadKill
1122,Terminal Reality,RoadKill
1123,Cyanide Studio,Game of Thrones
1124,Atlus,Game of Thrones
1125,Focus Entertainment,Game of Thrones
1126,Rebellion Developments,From Russia With Love
1127,Electronic Arts,From Russia With Love
1128,Konami,UEFA Euro 2016
1129,Hot Lava Games,7 Wonders of the Ancient World
1130,MumboJumbo,7 Wonders of the Ancient World
1131,Atlus USA,Lost Dimension
1132,FuRyu,Lost Dimension
1133,NIS America,Lost Dimension
1134,Lancarse,Lost Dimension
1135,Ghostlight Ltd.,Lost Dimension
1136,Capcom,Resident Evil 6
1137,Square Enix,Final Fantasy XI: Vana'diel Collection 2008
1138,Square Enix Product Development Division 3,Final Fantasy XI: Vana'diel Collection 2008
1139,Ubisoft Sofia,Assassin's Creed: Rogue
1140,Ubisoft Chengdu,Assassin's Creed: Rogue
1141,Ubisoft Montreal,Assassin's Creed: Rogue
1142,Ubisoft Singapore,Assassin's Creed: Rogue
1143,Ubisoft Québec,Assassin's Creed: Rogue
1144,Ubisoft Kyiv,Assassin's Creed: Rogue
1145,Ubisoft Bucharest,Assassin's Creed: Rogue
1146,Ubisoft Milan,Assassin's Creed: Rogue
1147,Alice Studio,Assassin's Creed: Rogue
1148,Helix,Assassin's Creed: Rogue
1149,(Archive) Ubisoft EMEA,Assassin's Creed: Rogue
1150,Infogrames,Taz Wanted
1151,WB Games,Taz Wanted
1152,Blitz Games,Taz Wanted
1153,Sensory Sweep Studios,Drama Queens
1154,Majesco Entertainment,Drama Queens
1155,Eidos Interactive,Tomb Raider: Underworld
1156,Buzz Monkey Software,Tomb Raider: Underworld
1157,Nixxes Software,Tomb Raider: Underworld
1158,Feral Interactive,Tomb Raider: Underworld
1159,Crystal Dynamics,Tomb Raider: Underworld
1160,Warner Bros. Interactive Entertainment,Tomb Raider: Underworld
1161,Square Enix,Tomb Raider: Underworld
1162,Barnhouse Effect,Penny Racers Party: Turbo-Q Speedway
1163,Team OX,Penny Racers Party: Turbo-Q Speedway
1164,Takara Tomy,Penny Racers Party: Turbo-Q Speedway
1165,Natsume Inc.,Skydiving Extreme
1166,Metro Corporation,Skydiving Extreme
1167,THQ,Evil Dead: Regeneration
1168,Cranky Pants Games,Evil Dead: Regeneration
1169,Beenox,Evil Dead: Regeneration
1170,Entertainment Software Publishings,Evolution Worlds
1171,Sting,Evolution Worlds
1172,Ubisoft Entertainment,Evolution Worlds
1173,Ubisoft Montreal,Far Cry Vengeance
1174,The Game Factory,Code Lyoko: Fall of X.A.N.A.
1175,Neko Entertainment,Code Lyoko: Fall of X.A.N.A.
1176,THQ,Worms: A Space Oddity
1177,Team17,Worms: A Space Oddity
1178,Cattle Call,Motto! Stitch! DS Rhythm de Rakugaki Daisakusen
1179,Disney Interactive Studios,Motto! Stitch! DS Rhythm de Rakugaki Daisakusen
1180,Activision Publishing,Rapala Pro Bass Fishing 2010
1181,FUN Labs,Rapala Pro Bass Fishing 2010
1182,Aquaplus,Dungeon Travelers 2: The Royal Library & The Monster Seal
1183,Atlus,Dungeon Travelers 2: The Royal Library & The Monster Seal
1184,NIS America,Dungeon Travelers 2: The Royal Library & The Monster Seal
1185,Shiravune,Dungeon Travelers 2: The Royal Library & The Monster Seal
1186,Sting,Dungeon Travelers 2: The Royal Library & The Monster Seal
1187,2K Sports,MLB Front Office Manager
1188,Blue Castle Games,MLB Front Office Manager
1189,Racjin,Sub Rebellion
1190,Irem,Sub Rebellion
1191,Metro3D,Sub Rebellion
1192,Egosoft,X Rebirth
1193,Konami,Tokimeki Memorial 4
1194,Eighting,Bleach: Heat the Soul 4
1195,Sony Computer Entertainment,Bleach: Heat the Soul 4
1196,Insomniac Games,Song of the Deep
1197,GameTrust,Song of the Deep
1198,Capcom,Dragon's Dogma Online
1199,Banpresto,Real Robots Final Attack
1200,Konami,New International Track & Field
1201,Sumo Digital,New International Track & Field
1202,Activision,World Series of Poker 2008: Battle for the Bracelets
1203,Left Field Productions,World Series of Poker 2008: Battle for the Bracelets
1204,Capcom,P.N.03 - Product Number Three
1205,Capcom Production Studio 4,P.N.03 - Product Number Three
1206,Sony Computer Entertainment,Ape Escape: Pumped & Primed
1207,Ubisoft Entertainment,Ape Escape: Pumped & Primed
1208,SCE Japan Studio,Ape Escape: Pumped & Primed
1209,Sega,Super Monkey Ball Adventure
1210,Traveller's Tales,Super Monkey Ball Adventure
1211,Majesco Entertainment,Monster Trucks DS
1212,Ruby Party,FabStyle
1213,Koei,FabStyle
1214,Global Star Software,Outlaw Tennis
1215,Hypnotix,Outlaw Tennis
1216,Warner Bros. Interactive Entertainment,Happy Feet Two
1217,Warner Bros. Interactive Entertainment,Happy Feet Two
1218,Warner Bros. Interactive Entertainment,Happy Feet Two
1219,Warner Bros. Interactive Entertainment,Happy Feet Two
1220,D3 Publisher,Adventure Time: Explore the Dungeon Because I Don't Know!
1221,Bandai Namco Entertainment,Adventure Time: Explore the Dungeon Because I Don't Know!
1222,WayForward,Adventure Time: Explore the Dungeon Because I Don't Know!
1223,Silicon Dreams Studios,LEGO Soccer Mania
1224,Tiertex Design Studios,LEGO Soccer Mania
1225,EA,LEGO Soccer Mania
1226,Lego Interactive,LEGO Soccer Mania
1227,THQ,Worms: Open Warfare
1228,Team17,Worms: Open Warfare
1229,Capcom Production Studio 3,Resident Evil Zero
1230,Capcom,Resident Evil Zero
1231,Conspiracy Entertainment,Gadget Racers
1232,Zoo Digital,Gadget Racers
1233,Hudson Soft,Gadget Racers
1234,Takara,Gadget Racers
1235,Sonic Team,Phantasy Star Online Episode III: C.A.R.D. Revolution
1236,Sega,Phantasy Star Online Episode III: C.A.R.D. Revolution
1237,Ubisoft Montreal,Assassin's Creed The Ezio Collection
1238,Virtuos,Assassin's Creed The Ezio Collection
1239,Ubisoft Entertainment,Assassin's Creed The Ezio Collection
1240,Eighting,Bleach: Heat the Soul 7
1241,Sony Computer Entertainment,Bleach: Heat the Soul 7
1242,Square Enix,Nanashi no Game
1243,Epics,Nanashi no Game
1244,Black Lantern Studios,Diego's Build & Rescue
1245,2K Play,Diego's Build & Rescue
1246,Tose,Ultimate Ghosts 'n Goblins
1247,Capcom,Ultimate Ghosts 'n Goblins
1248,Koei,Samurai Warriors 2
1249,Omega Force,Samurai Warriors 2
1250,Koei Tecmo,Samurai Warriors 2
1251,Focus Entertainment,TrackMania DS
1252,2K Sports,Major League Baseball 2K12
1253,Visual Concepts,Major League Baseball 2K12
1254,Take-Two Interactive,Major League Baseball 2K12
1255,Ubisoft Bucharest,Silent Hunter III
1256,Sega,Alien Syndrome
1257,Totally Games,Alien Syndrome
1258,Sega CS2 R&D,Deep Fear
1259,System Sacom,Deep Fear
1260,"SIMS Co., Ltd.",Deep Fear
1261,ISCO,Deep Fear
1262,Highwaystar,Deep Fear
1263,Sega,Deep Fear
1264,Global Star Software,Ford vs. Chevy
1265,2K Games,Ford vs. Chevy
1266,Eutechnyx,Ford vs. Chevy
1267,Ratbag Games,The Dukes of Hazzard: Return of the General Lee
1268,Ubisoft Entertainment,The Dukes of Hazzard: Return of the General Lee
1269,Ubisoft San Francisco,Just Dance: Disney Party 2
1270,NOW Production,Just Dance: Disney Party 2
1271,Deep Silver,Dreamer Series: Shop Owner
1272,DreamCatcher Games,Dreamer Series: Shop Owner
1273,Hudson Soft,Virus
1274,THQ,WWE Crush Hour
1275,Pacific Coast Power & Light,WWE Crush Hour
1276,Konami,Metal Gear Solid V: The Phantom Pain
1277,Kojima Productions,Metal Gear Solid V: The Phantom Pain
1278,Kojima Productions LA Studio,Metal Gear Solid V: The Phantom Pain
1279,Flight-Plan,Dragon Shadow Spell
1280,SPS,Dragon Slayer: The Legend of Heroes
1281,Hudson Soft,Dragon Slayer: The Legend of Heroes
1282,"Sega Enterprises, Ltd.",Dragon Slayer: The Legend of Heroes
1283,Nintendo,Dragon Slayer: The Legend of Heroes
1284,St. GIGA,Dragon Slayer: The Legend of Heroes
1285,Nihon Falcom,Dragon Slayer: The Legend of Heroes
1286,Epoch,Dragon Slayer: The Legend of Heroes
1287,Namco Bandai Games,The Idolm@ster
1288,Metro Corporation,The Idolm@ster
1289,Midway Games,NHL Hitz 20-03
1290,Black Box Games,NHL Hitz 20-03
1291,Exient Entertainment,NHL Hitz 20-03
1292,Vicious Cycle Software,Adventure Time: Finn & Jake Investigations
1293,Little Orbit,Adventure Time: Finn & Jake Investigations
1294,VD-Dev,C.O.P.: The Recruit
1295,Ubisoft Entertainment,C.O.P.: The Recruit
1296,Namco,Urban Reign
1297,Banpresto,Super Robot Taisen Z Special Disc
1298,Namco Bandai Games,Super Robot Taisen Z Special Disc
1299,Kadokawa Shoten,Slayers Royal 2
1300,Onion Egg,Slayers Royal 2
1301,Gamenauts,Cate West: The Vanishing Files
1302,Destineer,Cate West: The Vanishing Files
1303,Oxygen Interactive Software,Cate West: The Vanishing Files
1304,Real Arcade,Cate West: The Vanishing Files
1305,Mekensleep,Soul Bubbles
1306,Eidos Interactive,Soul Bubbles
1307,NEC Interchannel,Soul Bubbles
1308,Eidos Interactive,Resident Evil 3: Nemesis
1309,Sourcenext,Resident Evil 3: Nemesis
1310,Virgin Interactive Entertainment,Resident Evil 3: Nemesis
1311,Nintendo,Resident Evil 3: Nemesis
1312,Capcom Planning Room 2,Resident Evil 3: Nemesis
1313,Capcom,Resident Evil 3: Nemesis
1314,Acclaim Entertainment,All-Star Baseball 2004
1315,Acclaim Studios Austin,All-Star Baseball 2004
1316,D3 Publisher,Bangai-O Spirits
1317,Entertainment Software Publishings,Bangai-O Spirits
1318,Treasure,Bangai-O Spirits
1319,Milestone,Valentino Rossi: The Game
1320,Koei Tecmo,Samurai Warriors Chronicles 3
1321,Omega Force,Samurai Warriors Chronicles 3
1322,Deep Silver,Winter Stars
1323,49Games,Winter Stars
1324,Wicked Studios,Dawn of Heroes
1325,Majesco Entertainment,Dawn of Heroes
1326,Konami,Lost in Blue: Shipwrecked
1327,Hudson Soft,Lost in Blue: Shipwrecked
1328,THQ,Scooby-Doo! Who's Watching Who?
1329,Humansoft,Scooby-Doo! Who's Watching Who?
1330,Savage Entertainment,Scooby-Doo! Who's Watching Who?
1331,EA Orlando,Madden NFL 08
1332,EA Sports,Madden NFL 08
1333,Playlogic Entertainment,Aliens in the Attic
1334,Revistronic,Aliens in the Attic
1335,Konami,Frogger Beyond
1336,Konami Computer Entertainment Hawaii,Frogger Beyond
1337,Magenta Software,Stuart Little 3: Big Photo Adventure
1338,Sega of America,Stuart Little 3: Big Photo Adventure
1339,Croteam,Serious Sam 3: BFE
1340,Devolver Digital,Serious Sam 3: BFE
1341,Milestone,Ultimate Shooting Collection
1342,UFO Interactive Software,Ultimate Shooting Collection
1343,CyberFront Korea,Ultimate Shooting Collection
1344,Namco,Pro Yakyuu Famista DS 2010
1345,Natsume Inc.,Captain Tsubasa
1346,Namco Bandai Games,Captain Tsubasa
1347,Aspyr Media,Pitfall: The Lost Expedition
1348,Edge of Reality,Pitfall: The Lost Expedition
1349,Beenox,Pitfall: The Lost Expedition
1350,Activision,Pitfall: The Lost Expedition
1351,Acclaim Entertainment,No One Can Stop Mr. Domino!
1352,JVC,No One Can Stop Mr. Domino!
1353,Artdink,No One Can Stop Mr. Domino!
1354,Crave Entertainment,Man vs. Wild
1355,Floor 84 Studio,Man vs. Wild
1356,Scientifically Proven,Man vs. Wild
1357,THQ,GT Advance 3: Pro Concept Racing
1358,MTO,GT Advance 3: Pro Concept Racing
1359,n-Space,Duke Nukem: Land of the Babes
1360,GT Interactive Software,Duke Nukem: Land of the Babes
1361,Take-Two Interactive,Duke Nukem: Land of the Babes
1362,Gust,Yoru no Nai Kuni
1363,Koei Tecmo Europe,Yoru no Nai Kuni
1364,Koei Tecmo America Corporation,Yoru no Nai Kuni
1365,Koei Tecmo,Yoru no Nai Kuni
1366,Chime,Dragon Force II: Kamisarishi Daichi ni
1367,Sega,Dragon Force II: Kamisarishi Daichi ni
1368,EA Black Box,Need For Speed: Undercover
1369,Electronic Arts,Need For Speed: Undercover
1370,Electronic Arts,Need for Speed: Most Wanted
1371,Criterion Games,Need for Speed: Most Wanted
1372,Telltale Games,The Wolf Among Us
1373,Cavia,Fate/Tiger Colosseum
1374,TYPE-MOON,Fate/Tiger Colosseum
1375,Capcom,Fate/Tiger Colosseum
1376,Activision Value,10 Minute Solution
1377,Electronic Arts,Family Game Night 4: The Game Show
1378,Namco,R: Racing Evolution
1379,Aksys Games,Zero Escape: Zero Time Dilemma
1380,Spike Chunsoft,Zero Escape: Zero Time Dilemma
1381,Atlus,Stella Deus: The Gate of Eternity
1382,505 Games,Stella Deus: The Gate of Eternity
1383,Illusion Softworks,Vietcong: Purple Haze
1384,Gathering,Vietcong: Purple Haze
1385,SCi Games,Conflict: Desert Storm
1386,Pivotal Games,Conflict: Desert Storm
1387,Namco Bandai Games,One Piece: Gear Spirit
1388,Matrix Software,One Piece: Gear Spirit
1389,Compile Heart,Genkai Totsuki Moero Chronicle
1390,Idea Factory,Genkai Totsuki Moero Chronicle
1391,"Idea Factory International, Inc.",Genkai Totsuki Moero Chronicle
1392,Konami,Elebits: The Adventures of Kai and Zero
1393,Ubisoft Montreal,Far Cry Instincts Evolution
1394,Crave Entertainment,Pinball Hall of Fame: The Gottlieb Collection
1395,System 3 Software,Pinball Hall of Fame: The Gottlieb Collection
1396,FarSight Studios,Pinball Hall of Fame: The Gottlieb Collection
1397,Ubisoft Montpellier,Rayman Origins
1398,Ubisoft Entertainment,Rayman Origins
1399,Rebellion Developments,Medal of Honor: Underground
1400,Destination Software,Medal of Honor: Underground
1401,Zoo Digital,Medal of Honor: Underground
1402,Electronic Arts,Medal of Honor: Underground
1403,Namco Bandai Games,The Idolmaster: Gravure For You! Vol. 3
1404,Ubisoft Barcelona,Cosmic Family
1405,THQ,Scooby-Doo! Unmasked
1406,A2M,Scooby-Doo! Unmasked
1407,Gust,Yoru no Nai Kuni
1408,Koei Tecmo Europe,Yoru no Nai Kuni
1409,Koei Tecmo America Corporation,Yoru no Nai Kuni
1410,Koei Tecmo,Yoru no Nai Kuni
1411,Crawfish Interactive,Driven
1412,BAM! Entertainment,Driven
1413,Omega Force,Dynasty Warriors 3
1414,Koei,Dynasty Warriors 3
1415,Autumn Games,Jimmie Johnson's Anything With an Engine
1416,Isopod Labs,Jimmie Johnson's Anything With an Engine
1417,Codemasters,MTV Music Generator 3: This Is the Remix
1418,Mixmax,MTV Music Generator 3: This Is the Remix
1419,Kalypso Media Digital,Grand Ages: Medieval
1420,Gaming Minds Studios,Grand Ages: Medieval
1421,Locus,Wizardry: Llylgamyn Saga
1422,Soliton,Wizardry: Llylgamyn Saga
1423,505 Games,Supremacy MMA
1424,Bandai Namco Holdings,Kinnikuman Muscle Grand Prix Max 2: Tokumori
1425,Sega,Gale Racer
1426,System Sacom,Gale Racer
1427,RedOctane,In The Groove
1428,Roxor Games,In The Groove
1429,Square Enix,The Legend of Kage 2
1430,Atlus,Baroque
1431,Rising Star Games,Baroque
1432,Sting,Baroque
1433,Atlus USA,Lost Dimension
1434,FuRyu,Lost Dimension
1435,NIS America,Lost Dimension
1436,Lancarse,Lost Dimension
1437,Ghostlight Ltd.,Lost Dimension
1438,Agetec,Magic Pengel: The Quest for Color
1439,Taito,Magic Pengel: The Quest for Color
1440,Artificial Mind & Movement,Kung Fu Panda: Legendary Warriors
1441,Activision,Kung Fu Panda: Legendary Warriors
1442,Larian Studios,Divinity: Original Sin
1443,Focus Entertainment,Divinity: Original Sin
1444,Otomate,Hakuouki DS
1445,Design Factory,Hakuouki DS
1446,Idea Factory,Hakuouki DS
1447,The Adventure Company,Agatha Christie: And Then There Were None
1448,AWE Productions,Agatha Christie: And Then There Were None
1449,VU Games,Futurama
1450,Fox Interactive,Futurama
1451,Unique Development Studios,Futurama
1452,Nintendo,Famicom Mini: Hikari Shinwa: Palutena no Kagami
1453,Activision Value,The History Channel: Battle for the Pacific
1454,Cauldron HQ,The History Channel: Battle for the Pacific
1455,Natsume Inc.,Animal Kingdom: Wildlife Expedition
1456,Success Corporation,Animal Kingdom: Wildlife Expedition
1457,Ubisoft Shanghai,Rayman 3: Hoodlum Havoc
1458,Ubisoft Montpellier,Rayman 3: Hoodlum Havoc
1459,Feral Interactive,Rayman 3: Hoodlum Havoc
1460,Zonic Limited,Rayman 3: Hoodlum Havoc
1461,Hudson Soft,Momotarou Dentetsu Tag Match: Yuujou - Doryoku - Shouri no Maki!
1462,EA Orlando,Superman Returns
1463,Electronic Arts,Superman Returns
1464,Ringzero Game Studio,My First Songs
1465,Capcom,Super Ghouls 'n Ghosts
1466,Nekogumi,Boxing
1467,D3Publisher,Boxing
1468,Midas Interactive Entertainment,Boxing
1469,Midway,NHL Open Ice
1470,Avalanche Software,NHL Open Ice
1471,GT Interactive Software,NHL Open Ice
1472,High Voltage Software,NHL Open Ice
1473,WB Games,Legend of the Guardians: The Owls of Ga'Hoole
1474,Krome Studios,Legend of the Guardians: The Owls of Ga'Hoole
1475,Tantalus Media,Legend of the Guardians: The Owls of Ga'Hoole
1476,Artdink,Gundam Battle Tactics
1477,Bandai,Gundam Battle Tactics
1478,EA Black Box,Need for Speed Underground 2
1479,Electronic Arts,Need for Speed Underground 2
1480,LucasArts,Gladius
1481,Activision,Gladius
1482,Activision Value Publishing,The Hustle: Detroit Streets
1483,Blade Interactive,The Hustle: Detroit Streets
1484,Dingo,PhotoKano
1485,Kadokawa,PhotoKano
1486,WARP,Real Sound: Kaze no Riguretto
1487,Activision,Blood Drive
1488,Sidhe Interactive,Blood Drive
1489,Flight-Plan,Summon Night 4
1490,Felistella,Summon Night 4
1491,Banpresto,Summon Night 4
1492,Bandai Namco Holdings,Summon Night 4
1493,Fatshark,Escape Dead Island
1494,Deep Silver,Escape Dead Island
1495,Perfect World Entertainment,Torchlight
1496,Encore,Torchlight
1497,JoWooD Entertainment AG,Torchlight
1498,Microsoft Studios,Torchlight
1499,Runic Games,Torchlight
1500,"World Domination Industries, Inc.",Torchlight
1501,Namco,Pac-Man World 3
1502,Rebellion Developments,Rogue Trooper: Quartz Zone Massacre
1503,Sega,Hero Bank
1504,Bullets Co. Ltd.,Hero Bank
1505,Powerhead Games,Winx Club
1506,Konami,Winx Club
1507,Papaya Studio,Cartoon Network: Punch Time Explosion XL
1508,"Little Orbit, LLC",Cartoon Network: Punch Time Explosion XL
1509,Deep Silver,Cartoon Network: Punch Time Explosion XL
1510,Atlus USA,Utawarerumono: Itsuwari no Kamen
1511,Deep Silver,Utawarerumono: Itsuwari no Kamen
1512,Aquaplus,Utawarerumono: Itsuwari no Kamen
1513,Trickstar Games,Damage Inc.: Pacific Squadron WWII
1514,Mad Catz,Damage Inc.: Pacific Squadron WWII
1515,Bandai Namco Entertainment,The Idolm@ster: Live for You!
1516,Konami,Tokimeki Memorial Girl's Side Premium: 3rd Story
1517,Gaelco,Smashing Drive
1518,Namco,Smashing Drive
1519,Point of View,Smashing Drive
1520,Ubisoft Entertainment,Open Season
1521,Eidos Interactive,America's Next Top Model
1522,Hudson Soft,Bomberman Max 2: Red Advance
1523,Majesco Entertainment,Bomberman Max 2: Red Advance
1524,Sierra Entertainment,Bomberman Max 2: Red Advance
1525,Monolith Productions,F.E.A.R. 2: Project Origin
1526,WB Games,F.E.A.R. 2: Project Origin
1527,CyberFront,F.E.A.R. 2: Project Origin
1528,ZOO Digital Publishing Ltd,Margot's Word Brain
1529,Slam Games,Margot's Word Brain
1530,Funbox Media Ltd,Margot's Word Brain
1531,Signal Studios,Toy Soldiers: War Chest
1532,Ubisoft Entertainment,Toy Soldiers: War Chest
1533,City Interactive,Chronicles of Mystery: The Secret Tree of Life
1534,The Adventure Company,Still Life
1535,Meridian4,Still Life
1536,Microids,Still Life
1537,THQ,Big Mutha Truckers 2
1538,Empire Interactive,Big Mutha Truckers 2
1539,Genki Co. Ltd.,Hang On GP
1540,Sega of America,Hang On GP
1541,Sega,Hang On GP
1542,Heavy Iron Studios,SpongeBob's Truth or Square
1543,THQ,SpongeBob's Truth or Square
1544,Namco,I-Ninja
1545,Zoo Digital,I-Ninja
1546,Argonaut Games,I-Ninja
1547,Sony Computer Entertainment,I-Ninja
1548,"Think Garage Co., Ltd.",Sigma Harmonics
1549,Square Enix,Sigma Harmonics
1550,Sega of America,Gunblade NY & L.A. Machineguns Arcade Hits Pack
1551,EA Los Angeles,The Lord of the Rings: The Battle for Middle-Earth
1552,Electronic Arts,The Lord of the Rings: The Battle for Middle-Earth
1553,Koei,Kessen III
1554,Destination Software,Harlem Globetrotters: World Tour
1555,Full Fat,Harlem Globetrotters: World Tour
1556,Ignition Entertainment,The King of Fighters Collection: The Orochi Saga
1557,Flight-Plan,Summon Night
1558,Banpresto,Summon Night
1559,Sega AM2,Aero Elite: Combat Academy
1560,Sega of America,Aero Elite: Combat Academy
1561,Sega Corporation,Aero Elite: Combat Academy
1562,Deep Silver,"3 in 1: Solitaire, Mahjong & Tangram"
1563,LucasArts,Wrath Unleashed
1564,The Collective,Wrath Unleashed
1565,Ubisoft Montpellier,Beyond Good & Evil
1566,Ubisoft Entertainment,Beyond Good & Evil
1567,Ubisoft Milan,Beyond Good & Evil
1568,Ubisoft Shanghai,Beyond Good & Evil
1569,DTP Entertainment,Divinity II: Ego Draconis
1570,Larian Studios,Divinity II: Ego Draconis
1571,Snowball Studios,Divinity II: Ego Draconis
1572,1C-SoftClub,Divinity II: Ego Draconis
1573,cdv Software Entertainment,Divinity II: Ego Draconis
1574,ak tronic,Divinity II: Ego Draconis
1575,Destination Software,Pong / Asteroids / Yars' Revenge
1576,EC-Interactive Ltd.,Pong / Asteroids / Yars' Revenge
1577,"Atari, Inc.",Pong / Asteroids / Yars' Revenge
1578,Eidos Interactive,Commandos 2: Men of Courage
1579,Pyro Studios,Commandos 2: Men of Courage
1580,Zonic Limited,Commandos 2: Men of Courage
1581,Feral Interactive,Commandos 2: Men of Courage
1582,ValuSoft,Emergency 2012
1583,Trinigy,Emergency 2012
1584,Conspiracy Entertainment,Winter Sports 2: The Next Challenge
1585,RTL Games,Winter Sports 2: The Next Challenge
1586,49Games,Winter Sports 2: The Next Challenge
1587,Climax Studios,Overlord: Minions
1588,Codemasters,Overlord: Minions
1589,Game Design Sweden AB,Roll Away
1590,Sony Computer Entertainment,Roll Away
1591,Compile Heart,Fairy Fencer F: Advent Dark Force
1592,Galapagos RPG,Fairy Fencer F: Advent Dark Force
1593,Ghostlight Ltd.,Fairy Fencer F: Advent Dark Force
1594,Idea Factory,Fairy Fencer F: Advent Dark Force
1595,Ruby Party,Harukanaru Toki no Naka de 4
1596,Koei Tecmo Games,Harukanaru Toki no Naka de 4
1597,Genki Co. Ltd.,Maximum Chase
1598,Majesco Entertainment,Maximum Chase
1599,Microsoft Game Studios,Maximum Chase
1600,Koei,Prey the Stars
1601,Koei Canada,Prey the Stars
1602,Koei Tecmo Games,Winning Post 7 2012
1603,Burst Studios,Spot Goes to Hollywood
1604,Virgin Interactive Entertainment,Spot Goes to Hollywood
1605,Tec Toy,Spot Goes to Hollywood
